<?xml version = "1.0" encoding = "utf-8"?>
<!DOCTYPE hibernate-configuration SYSTEM 
"http://www.hibernate.org/dtd/hibernate-configuration-3.0.dtd">
<hibernate-configuration>
	<session-factory>

		<property name="hibernate.dialect">org.hibernate.dialect.MySQLDialect</property>

		<property name="hibernate.connection.driver_class">com.mysql.jdbc.Driver</property>

		<!-- ormlearn is the database name -->

		<property name="hibernate.connection.url"> jdbc:mysql://127.0.0.1:3307/ormlearn </property>

		<property name="hibernate.connection.username"> root </property>

		<property name="hibernate.connection.password"> root </property>

		<!-- List of XML mapping files -->
		<mapping resource="Employee.hbm.xml" />

	</session-factory>
</hibernate-configuration>

<!-- Day-10 Hands On-02 -->